{
    "hand_base_link": [], 
    "mcp_joint": [], 
    "pip": [], 
    "dip": [], 
    "fingertip": [[-0.012098115891466496, -0.02540615038654199, 0.0183999999999995], [-0.012098115891466496, -0.02540615038654199, 0.0144999999999995], [-0.012098115891466496, -0.02540615038654199, 0.010599999999999499], [-0.012098115891466496, -0.03011124688654199, 0.0183999999999995], [-0.012098115891466496, -0.030111246886541994, 0.014499999999999501], [-0.012098115891466496, -0.030111246886541994, 0.010599999999999499], [-0.012098115891466496, -0.03481634338654199, 0.018399999999999504], [-0.012098115891466496, -0.03481634338654199, 0.014499999999999501], [-0.012098115891466496, -0.03481634338654199, 0.0105999999999995], [-0.012098115891466496, -0.03952143988654199, 0.018399999999999504], [-0.012098115891466496, -0.03952143988654199, 0.014499999999999501], [-0.012098115891466496, -0.03952143988654199, 0.0105999999999995], [-0.012098115891466496, -0.044226536386542, 0.018399999999999504], [-0.012098115891466496, -0.044226536386542, 0.014499999999999503], [-0.012098115891466496, -0.044226536386542, 0.010599999999999502]], 
    "mcp_joint_2": [], 
    "pip_2": [], 
    "dip_2": [], 
    "fingertip_2": [[-0.012098115891466496, -0.02540615038654199, 0.0183999999999995], [-0.012098115891466496, -0.02540615038654199, 0.0144999999999995], [-0.012098115891466496, -0.02540615038654199, 0.010599999999999499], [-0.012098115891466496, -0.03011124688654199, 0.0183999999999995], [-0.012098115891466496, -0.030111246886541994, 0.014499999999999501], [-0.012098115891466496, -0.030111246886541994, 0.010599999999999499], [-0.012098115891466496, -0.03481634338654199, 0.018399999999999504], [-0.012098115891466496, -0.03481634338654199, 0.014499999999999501], [-0.012098115891466496, -0.03481634338654199, 0.0105999999999995], [-0.012098115891466496, -0.03952143988654199, 0.018399999999999504], [-0.012098115891466496, -0.03952143988654199, 0.014499999999999501], [-0.012098115891466496, -0.03952143988654199, 0.0105999999999995], [-0.012098115891466496, -0.044226536386542, 0.018399999999999504], [-0.012098115891466496, -0.044226536386542, 0.014499999999999503], [-0.012098115891466496, -0.044226536386542, 0.010599999999999502]], 
    "mcp_joint_3": [], 
    "pip_3": [], 
    "dip_3": [], 
    "fingertip_3": [[-0.012098115891466496, -0.02540615038654199, 0.0183999999999995], [-0.012098115891466496, -0.02540615038654199, 0.0144999999999995], [-0.012098115891466496, -0.02540615038654199, 0.010599999999999499], [-0.012098115891466496, -0.03011124688654199, 0.0183999999999995], [-0.012098115891466496, -0.030111246886541994, 0.014499999999999501], [-0.012098115891466496, -0.030111246886541994, 0.010599999999999499], [-0.012098115891466496, -0.03481634338654199, 0.018399999999999504], [-0.012098115891466496, -0.03481634338654199, 0.014499999999999501], [-0.012098115891466496, -0.03481634338654199, 0.0105999999999995], [-0.012098115891466496, -0.03952143988654199, 0.018399999999999504], [-0.012098115891466496, -0.03952143988654199, 0.014499999999999501], [-0.012098115891466496, -0.03952143988654199, 0.0105999999999995], [-0.012098115891466496, -0.044226536386542, 0.018399999999999504], [-0.012098115891466496, -0.044226536386542, 0.014499999999999503], [-0.012098115891466496, -0.044226536386542, 0.010599999999999502]], 
    "pip_4": [], 
    "thumb_pip": [], 
    "thumb_dip": [], 
    "thumb_fingertip": [[-0.012098111537332616, -0.05630000508860301, -0.018200004692667797], [-0.012098111537332618, -0.05630000508860301, -0.014300003192667794], [-0.01209811153733262, -0.05630000508860301, -0.010400001692667794], [-0.012098111537332616, -0.05120000358860301, -0.018200004692667797], [-0.012098111537332618, -0.05120000358860301, -0.014300003192667794], [-0.01209811153733262, -0.05120000358860301, -0.010400001692667794], [-0.012098111537332616, -0.046100002088603015, -0.018200004692667797], [-0.012098111537332618, -0.046100002088603015, -0.014300003192667794], [-0.01209811153733262, -0.046100002088603015, -0.010400001692667794], [-0.012098111537332616, -0.041000000588603015, -0.018200004692667797], [-0.012098111537332618, -0.041000000588603015, -0.014300003192667794], [-0.01209811153733262, -0.041000000588603015, -0.010400001692667794], [-0.012098111537332616, -0.035899999088603016, -0.018200004692667797], [-0.012098111537332618, -0.035899999088603016, -0.014300003192667794], [-0.01209811153733262, -0.035899999088603016, -0.010400001692667794]]
}